,index,category
0,0,STYLE & BEAUTY
1,1,TRAVEL
4,4,STYLE & BEAUTY
5,5,TRAVEL
6,6,STYLE & BEAUTY
7,7,BUSINESS
8,8,STYLE & BEAUTY
9,9,STYLE & BEAUTY
10,10,BUSINESS
11,11,BUSINESS
12,12,BUSINESS
13,13,TRAVEL
15,15,TRAVEL
16,16,TRAVEL
17,17,STYLE & BEAUTY
18,18,BUSINESS
19,19,TRAVEL
20,20,STYLE & BEAUTY
21,21,STYLE & BEAUTY
22,22,TRAVEL
23,23,TRAVEL
24,24,TRAVEL
26,26,BUSINESS
27,27,STYLE & BEAUTY
28,28,STYLE & BEAUTY
29,29,STYLE & BEAUTY
30,30,TRAVEL
31,31,STYLE & BEAUTY
32,32,BUSINESS
34,34,BUSINESS
35,35,TRAVEL
36,36,TRAVEL
37,37,TRAVEL
38,38,BUSINESS
39,39,STYLE & BEAUTY
40,40,STYLE & BEAUTY
41,41,BUSINESS
42,42,BUSINESS
43,43,TRAVEL
44,44,STYLE & BEAUTY
45,45,STYLE & BEAUTY
46,46,STYLE & BEAUTY
47,47,TRAVEL
48,48,TRAVEL
49,49,STYLE & BEAUTY
50,50,TRAVEL
51,51,BUSINESS
53,53,TRAVEL
54,54,STYLE & BEAUTY
55,55,TRAVEL
57,57,STYLE & BEAUTY
58,58,TRAVEL
59,59,STYLE & BEAUTY
60,60,TRAVEL
61,61,TRAVEL
62,62,BUSINESS
63,63,BUSINESS
64,64,TRAVEL
65,65,TRAVEL
66,66,BUSINESS
67,67,STYLE & BEAUTY
68,68,STYLE & BEAUTY
69,69,BUSINESS
70,70,TRAVEL
71,71,STYLE & BEAUTY
72,72,STYLE & BEAUTY
73,73,TRAVEL
74,74,BUSINESS
75,75,BUSINESS
76,76,TRAVEL
77,77,BUSINESS
78,78,TRAVEL
79,79,BUSINESS
80,80,BUSINESS
81,81,BUSINESS
82,82,STYLE & BEAUTY
83,83,STYLE & BEAUTY
84,84,BUSINESS
85,85,BUSINESS
86,86,STYLE & BEAUTY
87,87,STYLE & BEAUTY
88,88,STYLE & BEAUTY
89,89,TRAVEL
91,91,TRAVEL
92,92,BUSINESS
93,93,TRAVEL
94,94,BUSINESS
95,95,STYLE & BEAUTY
96,96,TRAVEL
97,97,STYLE & BEAUTY
98,98,TRAVEL
99,99,BUSINESS
100,100,STYLE & BEAUTY
101,101,TRAVEL
103,103,STYLE & BEAUTY
104,104,STYLE & BEAUTY
106,106,BUSINESS
107,107,TRAVEL
109,109,TRAVEL
110,110,STYLE & BEAUTY
111,111,BUSINESS
112,112,STYLE & BEAUTY
113,113,BUSINESS
114,114,TRAVEL
115,115,BUSINESS
116,116,TRAVEL
117,117,BUSINESS
119,119,BUSINESS
120,120,STYLE & BEAUTY
121,121,STYLE & BEAUTY
122,122,STYLE & BEAUTY
123,123,TRAVEL
124,124,BUSINESS
125,125,STYLE & BEAUTY
126,126,STYLE & BEAUTY
127,127,TRAVEL
128,128,STYLE & BEAUTY
129,129,TRAVEL
130,130,BUSINESS
131,131,STYLE & BEAUTY
132,132,STYLE & BEAUTY
133,133,TRAVEL
134,134,TRAVEL
135,135,STYLE & BEAUTY
136,136,TRAVEL
137,137,STYLE & BEAUTY
138,138,STYLE & BEAUTY
139,139,STYLE & BEAUTY
140,140,STYLE & BEAUTY
141,141,TRAVEL
143,143,STYLE & BEAUTY
144,144,BUSINESS
145,145,STYLE & BEAUTY
146,146,STYLE & BEAUTY
147,147,STYLE & BEAUTY
148,148,BUSINESS
149,149,TRAVEL
150,150,BUSINESS
152,152,STYLE & BEAUTY
153,153,BUSINESS
155,155,TRAVEL
156,156,STYLE & BEAUTY
157,157,TRAVEL
158,158,BUSINESS
159,159,TRAVEL
160,160,TRAVEL
161,161,TRAVEL
162,162,BUSINESS
163,163,STYLE & BEAUTY
164,164,STYLE & BEAUTY
165,165,STYLE & BEAUTY
167,167,TRAVEL
168,168,BUSINESS
169,169,STYLE & BEAUTY
170,170,BUSINESS
171,171,TRAVEL
172,172,STYLE & BEAUTY
174,174,BUSINESS
175,175,TRAVEL
176,176,BUSINESS
177,177,STYLE & BEAUTY
178,178,BUSINESS
179,179,TRAVEL
180,180,BUSINESS
181,181,BUSINESS
182,182,STYLE & BEAUTY
183,183,TRAVEL
184,184,STYLE & BEAUTY
185,185,TRAVEL
186,186,TRAVEL
187,187,STYLE & BEAUTY
188,188,TRAVEL
189,189,STYLE & BEAUTY
190,190,BUSINESS
191,191,BUSINESS
192,192,BUSINESS
193,193,STYLE & BEAUTY
194,194,TRAVEL
196,196,TRAVEL
197,197,TRAVEL
198,198,STYLE & BEAUTY
199,199,BUSINESS
200,200,TRAVEL
201,201,STYLE & BEAUTY
202,202,TRAVEL
203,203,BUSINESS
204,204,BUSINESS
205,205,TRAVEL
206,206,TRAVEL
207,207,TRAVEL
208,208,STYLE & BEAUTY
209,209,BUSINESS
210,210,BUSINESS
211,211,STYLE & BEAUTY
212,212,TRAVEL
213,213,TRAVEL
214,214,TRAVEL
215,215,BUSINESS
216,216,STYLE & BEAUTY
217,217,BUSINESS
218,218,TRAVEL
219,219,STYLE & BEAUTY
220,220,STYLE & BEAUTY
221,221,BUSINESS
222,222,BUSINESS
223,223,BUSINESS
224,224,TRAVEL
225,225,STYLE & BEAUTY
226,226,TRAVEL
227,227,STYLE & BEAUTY
228,228,STYLE & BEAUTY
230,230,TRAVEL
231,231,TRAVEL
232,232,BUSINESS
233,233,STYLE & BEAUTY
234,234,TRAVEL
235,235,TRAVEL
236,236,STYLE & BEAUTY
237,237,BUSINESS
238,238,BUSINESS
239,239,TRAVEL
240,240,TRAVEL
241,241,TRAVEL
242,242,BUSINESS
243,243,BUSINESS
244,244,STYLE & BEAUTY
245,245,STYLE & BEAUTY
246,246,BUSINESS
247,247,BUSINESS
248,248,STYLE & BEAUTY
249,249,TRAVEL
250,250,TRAVEL
251,251,TRAVEL
252,252,TRAVEL
253,253,STYLE & BEAUTY
254,254,TRAVEL
255,255,TRAVEL
256,256,BUSINESS
257,257,BUSINESS
258,258,TRAVEL
259,259,STYLE & BEAUTY
260,260,STYLE & BEAUTY
261,261,STYLE & BEAUTY
262,262,STYLE & BEAUTY
263,263,STYLE & BEAUTY
264,264,BUSINESS
265,265,BUSINESS
266,266,STYLE & BEAUTY
267,267,BUSINESS
268,268,STYLE & BEAUTY
269,269,TRAVEL
270,270,STYLE & BEAUTY
271,271,TRAVEL
272,272,BUSINESS
273,273,STYLE & BEAUTY
274,274,STYLE & BEAUTY
275,275,BUSINESS
276,276,STYLE & BEAUTY
277,277,STYLE & BEAUTY
278,278,TRAVEL
279,279,TRAVEL
280,280,TRAVEL
281,281,STYLE & BEAUTY
282,282,BUSINESS
283,283,STYLE & BEAUTY
285,285,STYLE & BEAUTY
286,286,STYLE & BEAUTY
287,287,STYLE & BEAUTY
288,288,BUSINESS
289,289,TRAVEL
290,290,TRAVEL
291,291,TRAVEL
292,292,STYLE & BEAUTY
293,293,STYLE & BEAUTY
294,294,TRAVEL
295,295,TRAVEL
296,296,STYLE & BEAUTY
297,297,STYLE & BEAUTY
298,298,TRAVEL
299,299,STYLE & BEAUTY
301,301,STYLE & BEAUTY
302,302,TRAVEL
303,303,TRAVEL
304,304,TRAVEL
305,305,TRAVEL
307,307,TRAVEL
308,308,TRAVEL
309,309,TRAVEL
310,310,BUSINESS
312,312,STYLE & BEAUTY
313,313,STYLE & BEAUTY
314,314,TRAVEL
315,315,STYLE & BEAUTY
316,316,STYLE & BEAUTY
317,317,STYLE & BEAUTY
318,318,STYLE & BEAUTY
319,319,TRAVEL
320,320,BUSINESS
321,321,STYLE & BEAUTY
322,322,BUSINESS
323,323,TRAVEL
324,324,BUSINESS
325,325,BUSINESS
326,326,BUSINESS
327,327,STYLE & BEAUTY
328,328,BUSINESS
329,329,TRAVEL
330,330,STYLE & BEAUTY
332,332,STYLE & BEAUTY
334,334,STYLE & BEAUTY
335,335,STYLE & BEAUTY
336,336,BUSINESS
337,337,STYLE & BEAUTY
338,338,STYLE & BEAUTY
339,339,STYLE & BEAUTY
340,340,STYLE & BEAUTY
341,341,STYLE & BEAUTY
342,342,BUSINESS
343,343,BUSINESS
344,344,STYLE & BEAUTY
345,345,STYLE & BEAUTY
346,346,TRAVEL
347,347,STYLE & BEAUTY
348,348,TRAVEL
349,349,STYLE & BEAUTY
350,350,BUSINESS
351,351,TRAVEL
352,352,TRAVEL
353,353,STYLE & BEAUTY
354,354,STYLE & BEAUTY
355,355,STYLE & BEAUTY
356,356,TRAVEL
357,357,TRAVEL
358,358,BUSINESS
359,359,STYLE & BEAUTY
360,360,TRAVEL
361,361,STYLE & BEAUTY
362,362,STYLE & BEAUTY
363,363,STYLE & BEAUTY
364,364,TRAVEL
365,365,TRAVEL
366,366,BUSINESS
368,368,STYLE & BEAUTY
369,369,STYLE & BEAUTY
370,370,TRAVEL
371,371,BUSINESS
372,372,STYLE & BEAUTY
373,373,STYLE & BEAUTY
374,374,TRAVEL
375,375,TRAVEL
376,376,BUSINESS
377,377,TRAVEL
378,378,BUSINESS
380,380,TRAVEL
381,381,TRAVEL
382,382,TRAVEL
383,383,STYLE & BEAUTY
384,384,STYLE & BEAUTY
385,385,BUSINESS
386,386,BUSINESS
387,387,STYLE & BEAUTY
388,388,BUSINESS
389,389,TRAVEL
390,390,STYLE & BEAUTY
391,391,BUSINESS
392,392,TRAVEL
393,393,TRAVEL
394,394,TRAVEL
395,395,BUSINESS
396,396,STYLE & BEAUTY
397,397,STYLE & BEAUTY
398,398,STYLE & BEAUTY
400,400,STYLE & BEAUTY
401,401,TRAVEL
402,402,TRAVEL
403,403,TRAVEL
404,404,TRAVEL
405,405,TRAVEL
406,406,STYLE & BEAUTY
407,407,STYLE & BEAUTY
408,408,TRAVEL
409,409,TRAVEL
410,410,STYLE & BEAUTY
411,411,TRAVEL
412,412,BUSINESS
413,413,TRAVEL
414,414,TRAVEL
416,416,BUSINESS
417,417,TRAVEL
418,418,TRAVEL
419,419,BUSINESS
420,420,TRAVEL
421,421,BUSINESS
422,422,TRAVEL
423,423,TRAVEL
424,424,BUSINESS
425,425,STYLE & BEAUTY
426,426,BUSINESS
427,427,BUSINESS
428,428,BUSINESS
429,429,BUSINESS
431,431,TRAVEL
432,432,BUSINESS
433,433,BUSINESS
434,434,STYLE & BEAUTY
435,435,TRAVEL
436,436,STYLE & BEAUTY
437,437,TRAVEL
438,438,TRAVEL
439,439,TRAVEL
440,440,BUSINESS
441,441,TRAVEL
442,442,STYLE & BEAUTY
443,443,STYLE & BEAUTY
444,444,TRAVEL
445,445,BUSINESS
446,446,BUSINESS
447,447,TRAVEL
448,448,BUSINESS
449,449,STYLE & BEAUTY
450,450,BUSINESS
451,451,TRAVEL
452,452,BUSINESS
453,453,STYLE & BEAUTY
454,454,STYLE & BEAUTY
455,455,STYLE & BEAUTY
456,456,STYLE & BEAUTY
457,457,BUSINESS
458,458,TRAVEL
459,459,STYLE & BEAUTY
460,460,STYLE & BEAUTY
461,461,TRAVEL
462,462,STYLE & BEAUTY
463,463,BUSINESS
464,464,BUSINESS
465,465,BUSINESS
466,466,BUSINESS
467,467,STYLE & BEAUTY
468,468,TRAVEL
469,469,STYLE & BEAUTY
470,470,TRAVEL
472,472,STYLE & BEAUTY
473,473,TRAVEL
474,474,TRAVEL
475,475,TRAVEL
476,476,BUSINESS
477,477,BUSINESS
478,478,BUSINESS
479,479,STYLE & BEAUTY
480,480,STYLE & BEAUTY
481,481,STYLE & BEAUTY
482,482,STYLE & BEAUTY
483,483,STYLE & BEAUTY
485,485,BUSINESS
486,486,BUSINESS
487,487,TRAVEL
488,488,TRAVEL
489,489,TRAVEL
490,490,STYLE & BEAUTY
491,491,TRAVEL
492,492,TRAVEL
493,493,TRAVEL
494,494,TRAVEL
495,495,STYLE & BEAUTY
496,496,STYLE & BEAUTY
497,497,TRAVEL
498,498,STYLE & BEAUTY
499,499,STYLE & BEAUTY
500,500,STYLE & BEAUTY
501,501,STYLE & BEAUTY
502,502,STYLE & BEAUTY
503,503,TRAVEL
504,504,BUSINESS
505,505,BUSINESS
506,506,BUSINESS
507,507,TRAVEL
508,508,STYLE & BEAUTY
509,509,STYLE & BEAUTY
510,510,TRAVEL
511,511,BUSINESS
512,512,BUSINESS
513,513,STYLE & BEAUTY
514,514,TRAVEL
515,515,STYLE & BEAUTY
516,516,TRAVEL
517,517,BUSINESS
518,518,STYLE & BEAUTY
519,519,TRAVEL
520,520,BUSINESS
521,521,STYLE & BEAUTY
522,522,TRAVEL
523,523,STYLE & BEAUTY
524,524,BUSINESS
525,525,STYLE & BEAUTY
527,527,TRAVEL
528,528,TRAVEL
529,529,STYLE & BEAUTY
530,530,BUSINESS
531,531,STYLE & BEAUTY
532,532,STYLE & BEAUTY
533,533,STYLE & BEAUTY
534,534,STYLE & BEAUTY
536,536,TRAVEL
537,537,STYLE & BEAUTY
538,538,STYLE & BEAUTY
539,539,STYLE & BEAUTY
540,540,BUSINESS
541,541,STYLE & BEAUTY
542,542,STYLE & BEAUTY
543,543,STYLE & BEAUTY
544,544,TRAVEL
545,545,TRAVEL
546,546,TRAVEL
547,547,STYLE & BEAUTY
548,548,TRAVEL
549,549,STYLE & BEAUTY
550,550,TRAVEL
551,551,STYLE & BEAUTY
552,552,STYLE & BEAUTY
553,553,STYLE & BEAUTY
554,554,STYLE & BEAUTY
555,555,TRAVEL
556,556,BUSINESS
557,557,STYLE & BEAUTY
558,558,STYLE & BEAUTY
559,559,BUSINESS
560,560,STYLE & BEAUTY
561,561,STYLE & BEAUTY
562,562,STYLE & BEAUTY
563,563,TRAVEL
564,564,TRAVEL
565,565,TRAVEL
566,566,TRAVEL
567,567,TRAVEL
568,568,STYLE & BEAUTY
569,569,TRAVEL
570,570,STYLE & BEAUTY
571,571,BUSINESS
572,572,TRAVEL
573,573,TRAVEL
574,574,BUSINESS
575,575,TRAVEL
576,576,TRAVEL
577,577,STYLE & BEAUTY
578,578,TRAVEL
579,579,TRAVEL
580,580,STYLE & BEAUTY
581,581,TRAVEL
582,582,STYLE & BEAUTY
583,583,TRAVEL
584,584,STYLE & BEAUTY
585,585,TRAVEL
586,586,TRAVEL
587,587,TRAVEL
588,588,TRAVEL
589,589,BUSINESS
590,590,BUSINESS
591,591,STYLE & BEAUTY
592,592,TRAVEL
593,593,STYLE & BEAUTY
594,594,TRAVEL
595,595,STYLE & BEAUTY
596,596,TRAVEL
597,597,TRAVEL
598,598,BUSINESS
599,599,STYLE & BEAUTY
600,600,BUSINESS
601,601,TRAVEL
602,602,BUSINESS
603,603,STYLE & BEAUTY
604,604,STYLE & BEAUTY
605,605,STYLE & BEAUTY
606,606,BUSINESS
607,607,BUSINESS
608,608,TRAVEL
609,609,STYLE & BEAUTY
610,610,BUSINESS
611,611,BUSINESS
612,612,TRAVEL
613,613,BUSINESS
614,614,BUSINESS
615,615,BUSINESS
616,616,BUSINESS
617,617,BUSINESS
618,618,TRAVEL
619,619,BUSINESS
620,620,TRAVEL
621,621,STYLE & BEAUTY
622,622,STYLE & BEAUTY
623,623,BUSINESS
624,624,STYLE & BEAUTY
625,625,STYLE & BEAUTY
626,626,STYLE & BEAUTY
627,627,TRAVEL
628,628,BUSINESS
629,629,STYLE & BEAUTY
631,631,TRAVEL
632,632,TRAVEL
633,633,STYLE & BEAUTY
634,634,TRAVEL
635,635,STYLE & BEAUTY
637,637,STYLE & BEAUTY
638,638,STYLE & BEAUTY
639,639,BUSINESS
640,640,STYLE & BEAUTY
641,641,STYLE & BEAUTY
642,642,STYLE & BEAUTY
643,643,STYLE & BEAUTY
644,644,STYLE & BEAUTY
645,645,TRAVEL
646,646,TRAVEL
647,647,STYLE & BEAUTY
648,648,TRAVEL
649,649,BUSINESS
650,650,BUSINESS
651,651,TRAVEL
652,652,STYLE & BEAUTY
653,653,BUSINESS
654,654,BUSINESS
656,656,TRAVEL
657,657,BUSINESS
658,658,TRAVEL
659,659,BUSINESS
661,661,BUSINESS
662,662,TRAVEL
663,663,STYLE & BEAUTY
664,664,STYLE & BEAUTY
665,665,TRAVEL
666,666,STYLE & BEAUTY
667,667,BUSINESS
668,668,TRAVEL
669,669,BUSINESS
670,670,STYLE & BEAUTY
671,671,STYLE & BEAUTY
672,672,STYLE & BEAUTY
673,673,BUSINESS
674,674,TRAVEL
675,675,TRAVEL
676,676,BUSINESS
677,677,STYLE & BEAUTY
678,678,BUSINESS
679,679,BUSINESS
680,680,TRAVEL
681,681,TRAVEL
682,682,STYLE & BEAUTY
683,683,BUSINESS
684,684,TRAVEL
685,685,TRAVEL
686,686,STYLE & BEAUTY
687,687,BUSINESS
688,688,TRAVEL
689,689,TRAVEL
690,690,BUSINESS
691,691,STYLE & BEAUTY
693,693,TRAVEL
694,694,TRAVEL
695,695,STYLE & BEAUTY
696,696,TRAVEL
697,697,BUSINESS
698,698,BUSINESS
699,699,STYLE & BEAUTY
700,700,BUSINESS
701,701,STYLE & BEAUTY
702,702,TRAVEL
703,703,STYLE & BEAUTY
704,704,TRAVEL
705,705,TRAVEL
706,706,BUSINESS
707,707,STYLE & BEAUTY
708,708,STYLE & BEAUTY
709,709,BUSINESS
712,712,STYLE & BEAUTY
713,713,STYLE & BEAUTY
715,715,STYLE & BEAUTY
716,716,STYLE & BEAUTY
717,717,STYLE & BEAUTY
718,718,BUSINESS
719,719,TRAVEL
720,720,TRAVEL
721,721,BUSINESS
722,722,TRAVEL
723,723,TRAVEL
724,724,STYLE & BEAUTY
725,725,TRAVEL
726,726,BUSINESS
727,727,STYLE & BEAUTY
728,728,TRAVEL
729,729,TRAVEL
730,730,BUSINESS
731,731,TRAVEL
732,732,BUSINESS
733,733,BUSINESS
734,734,STYLE & BEAUTY
735,735,TRAVEL
736,736,TRAVEL
737,737,STYLE & BEAUTY
738,738,TRAVEL
739,739,TRAVEL
741,741,TRAVEL
742,742,BUSINESS
743,743,BUSINESS
744,744,BUSINESS
745,745,TRAVEL
746,746,BUSINESS
747,747,BUSINESS
748,748,TRAVEL
750,750,STYLE & BEAUTY
751,751,TRAVEL
752,752,STYLE & BEAUTY
753,753,BUSINESS
754,754,TRAVEL
755,755,STYLE & BEAUTY
756,756,STYLE & BEAUTY
757,757,TRAVEL
758,758,BUSINESS
759,759,STYLE & BEAUTY
760,760,TRAVEL
761,761,TRAVEL
762,762,STYLE & BEAUTY
763,763,TRAVEL
764,764,TRAVEL
765,765,STYLE & BEAUTY
766,766,STYLE & BEAUTY
767,767,TRAVEL
768,768,STYLE & BEAUTY
769,769,BUSINESS
770,770,TRAVEL
771,771,BUSINESS
772,772,TRAVEL
773,773,BUSINESS
774,774,BUSINESS
775,775,BUSINESS
776,776,BUSINESS
777,777,STYLE & BEAUTY
778,778,TRAVEL
779,779,BUSINESS
780,780,TRAVEL
781,781,TRAVEL
782,782,STYLE & BEAUTY
783,783,BUSINESS
785,785,BUSINESS
786,786,STYLE & BEAUTY
787,787,BUSINESS
788,788,TRAVEL
789,789,STYLE & BEAUTY
790,790,BUSINESS
791,791,BUSINESS
792,792,TRAVEL
793,793,STYLE & BEAUTY
794,794,TRAVEL
795,795,BUSINESS
796,796,STYLE & BEAUTY
797,797,STYLE & BEAUTY
798,798,TRAVEL
799,799,STYLE & BEAUTY
800,800,BUSINESS
801,801,BUSINESS
802,802,STYLE & BEAUTY
803,803,STYLE & BEAUTY
804,804,BUSINESS
805,805,BUSINESS
806,806,BUSINESS
807,807,STYLE & BEAUTY
808,808,STYLE & BEAUTY
809,809,STYLE & BEAUTY
810,810,BUSINESS
811,811,STYLE & BEAUTY
812,812,BUSINESS
813,813,BUSINESS
814,814,BUSINESS
815,815,BUSINESS
816,816,TRAVEL
817,817,TRAVEL
818,818,BUSINESS
819,819,STYLE & BEAUTY
820,820,TRAVEL
821,821,STYLE & BEAUTY
822,822,TRAVEL
823,823,BUSINESS
824,824,BUSINESS
825,825,BUSINESS
826,826,TRAVEL
827,827,BUSINESS
828,828,TRAVEL
829,829,BUSINESS
830,830,BUSINESS
831,831,STYLE & BEAUTY
832,832,TRAVEL
833,833,BUSINESS
834,834,STYLE & BEAUTY
835,835,BUSINESS
836,836,STYLE & BEAUTY
837,837,TRAVEL
838,838,TRAVEL
839,839,BUSINESS
840,840,TRAVEL
841,841,TRAVEL
842,842,TRAVEL
843,843,TRAVEL
844,844,TRAVEL
845,845,STYLE & BEAUTY
846,846,BUSINESS
847,847,TRAVEL
848,848,STYLE & BEAUTY
849,849,BUSINESS
850,850,BUSINESS
851,851,STYLE & BEAUTY
852,852,BUSINESS
853,853,STYLE & BEAUTY
854,854,BUSINESS
855,855,BUSINESS
856,856,BUSINESS
857,857,BUSINESS
858,858,STYLE & BEAUTY
859,859,STYLE & BEAUTY
860,860,STYLE & BEAUTY
861,861,TRAVEL
862,862,TRAVEL
863,863,STYLE & BEAUTY
865,865,TRAVEL
866,866,TRAVEL
867,867,STYLE & BEAUTY
868,868,BUSINESS
869,869,STYLE & BEAUTY
870,870,BUSINESS
871,871,TRAVEL
872,872,TRAVEL
873,873,STYLE & BEAUTY
874,874,TRAVEL
875,875,STYLE & BEAUTY
876,876,TRAVEL
877,877,STYLE & BEAUTY
879,879,BUSINESS
880,880,TRAVEL
881,881,STYLE & BEAUTY
882,882,TRAVEL
883,883,TRAVEL
884,884,TRAVEL
885,885,TRAVEL
886,886,TRAVEL
887,887,TRAVEL
888,888,STYLE & BEAUTY
889,889,STYLE & BEAUTY
891,891,TRAVEL
892,892,BUSINESS
893,893,STYLE & BEAUTY
894,894,BUSINESS
895,895,BUSINESS
896,896,STYLE & BEAUTY
897,897,STYLE & BEAUTY
898,898,TRAVEL
899,899,STYLE & BEAUTY
900,900,BUSINESS
901,901,BUSINESS
902,902,STYLE & BEAUTY
903,903,STYLE & BEAUTY
904,904,TRAVEL
905,905,TRAVEL
906,906,TRAVEL
907,907,STYLE & BEAUTY
908,908,BUSINESS
909,909,STYLE & BEAUTY
910,910,STYLE & BEAUTY
911,911,TRAVEL
912,912,TRAVEL
913,913,STYLE & BEAUTY
914,914,BUSINESS
915,915,TRAVEL
916,916,TRAVEL
917,917,STYLE & BEAUTY
918,918,STYLE & BEAUTY
919,919,TRAVEL
921,921,TRAVEL
923,923,TRAVEL
924,924,STYLE & BEAUTY
925,925,STYLE & BEAUTY
926,926,STYLE & BEAUTY
927,927,TRAVEL
928,928,BUSINESS
930,930,TRAVEL
931,931,TRAVEL
932,932,STYLE & BEAUTY
933,933,STYLE & BEAUTY
934,934,STYLE & BEAUTY
935,935,STYLE & BEAUTY
936,936,TRAVEL
938,938,TRAVEL
939,939,STYLE & BEAUTY
940,940,BUSINESS
941,941,TRAVEL
942,942,BUSINESS
943,943,STYLE & BEAUTY
944,944,STYLE & BEAUTY
945,945,STYLE & BEAUTY
947,947,BUSINESS
948,948,TRAVEL
949,949,BUSINESS
950,950,STYLE & BEAUTY
951,951,BUSINESS
952,952,STYLE & BEAUTY
953,953,STYLE & BEAUTY
954,954,STYLE & BEAUTY
955,955,BUSINESS
956,956,STYLE & BEAUTY
958,958,BUSINESS
959,959,BUSINESS
960,960,STYLE & BEAUTY
961,961,TRAVEL
962,962,BUSINESS
963,963,TRAVEL
964,964,STYLE & BEAUTY
965,965,BUSINESS
966,966,STYLE & BEAUTY
967,967,STYLE & BEAUTY
968,968,STYLE & BEAUTY
969,969,BUSINESS
970,970,TRAVEL
971,971,BUSINESS
973,973,TRAVEL
974,974,TRAVEL
975,975,BUSINESS
976,976,STYLE & BEAUTY
977,977,BUSINESS
978,978,BUSINESS
979,979,TRAVEL
980,980,STYLE & BEAUTY
981,981,STYLE & BEAUTY
982,982,BUSINESS
983,983,TRAVEL
984,984,STYLE & BEAUTY
985,985,TRAVEL
986,986,TRAVEL
987,987,BUSINESS
988,988,STYLE & BEAUTY
989,989,BUSINESS
990,990,BUSINESS
991,991,STYLE & BEAUTY
992,992,STYLE & BEAUTY
993,993,BUSINESS
994,994,BUSINESS
995,995,STYLE & BEAUTY
996,996,TRAVEL
997,997,TRAVEL
998,998,BUSINESS
999,999,TRAVEL
1000,1000,TRAVEL
1003,1003,TRAVEL
1004,1004,STYLE & BEAUTY
1005,1005,BUSINESS
1006,1006,BUSINESS
1007,1007,TRAVEL
1008,1008,BUSINESS
1009,1009,BUSINESS
1010,1010,BUSINESS
1011,1011,TRAVEL
1012,1012,TRAVEL
1013,1013,TRAVEL
1014,1014,BUSINESS
1015,1015,STYLE & BEAUTY
1016,1016,BUSINESS
1017,1017,TRAVEL
1018,1018,STYLE & BEAUTY
1019,1019,STYLE & BEAUTY
1020,1020,STYLE & BEAUTY
1021,1021,STYLE & BEAUTY
1022,1022,BUSINESS
1023,1023,TRAVEL
1024,1024,BUSINESS
1025,1025,BUSINESS
1026,1026,TRAVEL
1027,1027,STYLE & BEAUTY
1028,1028,TRAVEL
1029,1029,TRAVEL
1030,1030,BUSINESS
1031,1031,TRAVEL
1032,1032,BUSINESS
1033,1033,STYLE & BEAUTY
1034,1034,STYLE & BEAUTY
1035,1035,BUSINESS
1036,1036,TRAVEL
1037,1037,BUSINESS
1038,1038,STYLE & BEAUTY
1039,1039,STYLE & BEAUTY
1040,1040,STYLE & BEAUTY
1041,1041,TRAVEL
1042,1042,STYLE & BEAUTY
1043,1043,TRAVEL
1044,1044,BUSINESS
1045,1045,TRAVEL
1046,1046,TRAVEL
1047,1047,TRAVEL
1048,1048,STYLE & BEAUTY
1049,1049,BUSINESS
1050,1050,TRAVEL
1051,1051,STYLE & BEAUTY
1052,1052,TRAVEL
1053,1053,STYLE & BEAUTY
1054,1054,BUSINESS
1055,1055,BUSINESS
1056,1056,STYLE & BEAUTY
1057,1057,STYLE & BEAUTY
1059,1059,STYLE & BEAUTY
1060,1060,STYLE & BEAUTY
1062,1062,TRAVEL
1063,1063,BUSINESS
1064,1064,STYLE & BEAUTY
1065,1065,STYLE & BEAUTY
1066,1066,TRAVEL
1067,1067,STYLE & BEAUTY
1068,1068,BUSINESS
1069,1069,TRAVEL
1070,1070,STYLE & BEAUTY
1071,1071,STYLE & BEAUTY
1072,1072,TRAVEL
1073,1073,BUSINESS
1074,1074,TRAVEL
1075,1075,TRAVEL
1076,1076,BUSINESS
1077,1077,TRAVEL
1078,1078,STYLE & BEAUTY
1079,1079,STYLE & BEAUTY
1080,1080,TRAVEL
1081,1081,TRAVEL
1082,1082,TRAVEL
1083,1083,BUSINESS
1084,1084,BUSINESS
1085,1085,STYLE & BEAUTY
1086,1086,STYLE & BEAUTY
1087,1087,TRAVEL
1088,1088,TRAVEL
1089,1089,TRAVEL
1090,1090,TRAVEL
1091,1091,STYLE & BEAUTY
1092,1092,STYLE & BEAUTY
1093,1093,TRAVEL
1094,1094,STYLE & BEAUTY
1095,1095,TRAVEL
1096,1096,STYLE & BEAUTY
1097,1097,STYLE & BEAUTY
1098,1098,STYLE & BEAUTY
1099,1099,TRAVEL
1100,1100,TRAVEL
1101,1101,TRAVEL
1102,1102,STYLE & BEAUTY
1103,1103,TRAVEL
1104,1104,STYLE & BEAUTY
1106,1106,TRAVEL
1107,1107,TRAVEL
1108,1108,BUSINESS
1109,1109,STYLE & BEAUTY
1110,1110,BUSINESS
1111,1111,TRAVEL
1112,1112,STYLE & BEAUTY
1113,1113,STYLE & BEAUTY
1114,1114,STYLE & BEAUTY
1115,1115,TRAVEL
1116,1116,BUSINESS
1117,1117,BUSINESS
1118,1118,BUSINESS
1119,1119,BUSINESS
1120,1120,BUSINESS
1122,1122,TRAVEL
1123,1123,STYLE & BEAUTY
1124,1124,BUSINESS
1125,1125,TRAVEL
1126,1126,TRAVEL
1127,1127,BUSINESS
1128,1128,TRAVEL
1129,1129,TRAVEL
1130,1130,STYLE & BEAUTY
1131,1131,TRAVEL
1132,1132,TRAVEL
1133,1133,TRAVEL
1134,1134,STYLE & BEAUTY
1135,1135,TRAVEL
1137,1137,STYLE & BEAUTY
1138,1138,BUSINESS
1139,1139,TRAVEL
1140,1140,STYLE & BEAUTY
1141,1141,STYLE & BEAUTY
1142,1142,BUSINESS
1143,1143,BUSINESS
1144,1144,STYLE & BEAUTY
1145,1145,TRAVEL
1146,1146,STYLE & BEAUTY
1147,1147,TRAVEL
1148,1148,STYLE & BEAUTY
1149,1149,BUSINESS
1150,1150,TRAVEL
1151,1151,BUSINESS
1152,1152,BUSINESS
1153,1153,STYLE & BEAUTY
1154,1154,TRAVEL
1155,1155,BUSINESS
1156,1156,STYLE & BEAUTY
1157,1157,TRAVEL
1158,1158,TRAVEL
1159,1159,STYLE & BEAUTY
1160,1160,BUSINESS
1161,1161,TRAVEL
1162,1162,TRAVEL
1163,1163,TRAVEL
1164,1164,TRAVEL
1165,1165,TRAVEL
1166,1166,STYLE & BEAUTY
1167,1167,TRAVEL
1168,1168,STYLE & BEAUTY
1169,1169,BUSINESS
1170,1170,TRAVEL
1172,1172,STYLE & BEAUTY
1173,1173,BUSINESS
1174,1174,STYLE & BEAUTY
1175,1175,BUSINESS
1176,1176,TRAVEL
1177,1177,TRAVEL
1178,1178,TRAVEL
1179,1179,STYLE & BEAUTY
1180,1180,TRAVEL
1181,1181,STYLE & BEAUTY
1182,1182,BUSINESS
1183,1183,BUSINESS
1184,1184,TRAVEL
1185,1185,STYLE & BEAUTY
1186,1186,TRAVEL
1187,1187,TRAVEL
1188,1188,STYLE & BEAUTY
1189,1189,STYLE & BEAUTY
1190,1190,STYLE & BEAUTY
1191,1191,TRAVEL
1192,1192,TRAVEL
1194,1194,STYLE & BEAUTY
1195,1195,STYLE & BEAUTY
1196,1196,TRAVEL
1197,1197,STYLE & BEAUTY
1198,1198,BUSINESS
1199,1199,TRAVEL
1200,1200,TRAVEL
1201,1201,TRAVEL
1202,1202,TRAVEL
1204,1204,TRAVEL
1205,1205,TRAVEL
1206,1206,STYLE & BEAUTY
1207,1207,TRAVEL
1208,1208,TRAVEL
1209,1209,TRAVEL
1210,1210,BUSINESS
1211,1211,STYLE & BEAUTY
1212,1212,STYLE & BEAUTY
1213,1213,STYLE & BEAUTY
1214,1214,STYLE & BEAUTY
1215,1215,TRAVEL
1216,1216,TRAVEL
1217,1217,STYLE & BEAUTY
1218,1218,TRAVEL
1219,1219,TRAVEL
1220,1220,BUSINESS
1221,1221,TRAVEL
1222,1222,TRAVEL
1223,1223,STYLE & BEAUTY
1224,1224,STYLE & BEAUTY
1225,1225,TRAVEL
1226,1226,TRAVEL
1227,1227,STYLE & BEAUTY
1228,1228,TRAVEL
1229,1229,STYLE & BEAUTY
1230,1230,BUSINESS
1231,1231,STYLE & BEAUTY
1232,1232,STYLE & BEAUTY
1233,1233,BUSINESS
1234,1234,STYLE & BEAUTY
1235,1235,STYLE & BEAUTY
1236,1236,BUSINESS
1237,1237,STYLE & BEAUTY
1238,1238,TRAVEL
1239,1239,STYLE & BEAUTY
1240,1240,TRAVEL
1241,1241,BUSINESS
1242,1242,TRAVEL
1243,1243,BUSINESS
1244,1244,STYLE & BEAUTY
1245,1245,STYLE & BEAUTY
1246,1246,STYLE & BEAUTY
1247,1247,STYLE & BEAUTY
1248,1248,BUSINESS
1249,1249,BUSINESS
1250,1250,STYLE & BEAUTY
1251,1251,STYLE & BEAUTY
1252,1252,BUSINESS
1253,1253,STYLE & BEAUTY
1254,1254,STYLE & BEAUTY
1256,1256,BUSINESS
1257,1257,BUSINESS
1258,1258,STYLE & BEAUTY
1259,1259,STYLE & BEAUTY
1261,1261,TRAVEL
1262,1262,TRAVEL
1263,1263,TRAVEL
1264,1264,TRAVEL
1265,1265,TRAVEL
1266,1266,TRAVEL
1267,1267,TRAVEL
1269,1269,STYLE & BEAUTY
1270,1270,STYLE & BEAUTY
1271,1271,STYLE & BEAUTY
1272,1272,STYLE & BEAUTY
1274,1274,TRAVEL
1275,1275,BUSINESS
1276,1276,TRAVEL
1277,1277,BUSINESS
1278,1278,STYLE & BEAUTY
1279,1279,TRAVEL
1280,1280,TRAVEL
1281,1281,BUSINESS
1282,1282,STYLE & BEAUTY
1283,1283,BUSINESS
1284,1284,BUSINESS
1285,1285,TRAVEL
1286,1286,STYLE & BEAUTY
1287,1287,BUSINESS
1288,1288,BUSINESS
1291,1291,TRAVEL
1292,1292,TRAVEL
1293,1293,TRAVEL
1294,1294,STYLE & BEAUTY
1295,1295,STYLE & BEAUTY
1296,1296,BUSINESS
1297,1297,BUSINESS
1298,1298,STYLE & BEAUTY
1299,1299,TRAVEL
1300,1300,STYLE & BEAUTY
1301,1301,TRAVEL
1302,1302,STYLE & BEAUTY
1303,1303,STYLE & BEAUTY
1304,1304,STYLE & BEAUTY
1305,1305,BUSINESS
1306,1306,BUSINESS
1308,1308,TRAVEL
1309,1309,TRAVEL
1310,1310,BUSINESS
1311,1311,TRAVEL
1312,1312,BUSINESS
1313,1313,BUSINESS
1314,1314,BUSINESS
1315,1315,BUSINESS
1316,1316,BUSINESS
1317,1317,TRAVEL
1318,1318,TRAVEL
1319,1319,STYLE & BEAUTY
1320,1320,STYLE & BEAUTY
1321,1321,STYLE & BEAUTY
1322,1322,BUSINESS
1323,1323,BUSINESS
1324,1324,STYLE & BEAUTY
1325,1325,TRAVEL
1326,1326,STYLE & BEAUTY
1327,1327,STYLE & BEAUTY
1328,1328,STYLE & BEAUTY
1329,1329,TRAVEL
1330,1330,BUSINESS
1331,1331,STYLE & BEAUTY
1332,1332,STYLE & BEAUTY
1333,1333,BUSINESS
1334,1334,STYLE & BEAUTY
1335,1335,STYLE & BEAUTY
1336,1336,BUSINESS
1337,1337,TRAVEL
1338,1338,STYLE & BEAUTY
1339,1339,STYLE & BEAUTY
1340,1340,STYLE & BEAUTY
1341,1341,TRAVEL
1342,1342,STYLE & BEAUTY
1343,1343,TRAVEL
1344,1344,BUSINESS
1345,1345,STYLE & BEAUTY
1346,1346,TRAVEL
1347,1347,TRAVEL
1348,1348,BUSINESS
1349,1349,TRAVEL
1350,1350,TRAVEL
1351,1351,BUSINESS
1352,1352,STYLE & BEAUTY
1353,1353,BUSINESS
1354,1354,BUSINESS
1355,1355,STYLE & BEAUTY
1356,1356,TRAVEL
1357,1357,STYLE & BEAUTY
1358,1358,TRAVEL
1359,1359,STYLE & BEAUTY
1360,1360,STYLE & BEAUTY
1361,1361,STYLE & BEAUTY
1362,1362,TRAVEL
1363,1363,TRAVEL
1364,1364,TRAVEL
1365,1365,TRAVEL
1366,1366,STYLE & BEAUTY
1367,1367,STYLE & BEAUTY
1368,1368,TRAVEL
1369,1369,STYLE & BEAUTY
1371,1371,STYLE & BEAUTY
1372,1372,BUSINESS
1373,1373,STYLE & BEAUTY
1374,1374,TRAVEL
1375,1375,STYLE & BEAUTY
1376,1376,STYLE & BEAUTY
1377,1377,BUSINESS
1378,1378,TRAVEL
1379,1379,STYLE & BEAUTY
1380,1380,STYLE & BEAUTY
1381,1381,BUSINESS
1382,1382,BUSINESS
1383,1383,STYLE & BEAUTY
1384,1384,TRAVEL
1385,1385,BUSINESS
1386,1386,STYLE & BEAUTY
1387,1387,STYLE & BEAUTY
1388,1388,TRAVEL
1389,1389,STYLE & BEAUTY
1390,1390,STYLE & BEAUTY
1391,1391,BUSINESS
1392,1392,BUSINESS
1393,1393,STYLE & BEAUTY
1394,1394,STYLE & BEAUTY
1395,1395,BUSINESS
1396,1396,TRAVEL
1397,1397,STYLE & BEAUTY
1398,1398,TRAVEL
1399,1399,BUSINESS
1400,1400,STYLE & BEAUTY
1401,1401,STYLE & BEAUTY
1402,1402,BUSINESS
1403,1403,BUSINESS
1404,1404,TRAVEL
1405,1405,TRAVEL
1406,1406,TRAVEL
1407,1407,BUSINESS
1408,1408,TRAVEL
1409,1409,BUSINESS
1410,1410,BUSINESS
1411,1411,STYLE & BEAUTY
1412,1412,STYLE & BEAUTY
1413,1413,BUSINESS
1414,1414,STYLE & BEAUTY
1415,1415,STYLE & BEAUTY
1416,1416,STYLE & BEAUTY
1417,1417,TRAVEL
1418,1418,STYLE & BEAUTY
1420,1420,STYLE & BEAUTY
1421,1421,TRAVEL
1422,1422,TRAVEL
1423,1423,TRAVEL
1425,1425,TRAVEL
1426,1426,STYLE & BEAUTY
1428,1428,STYLE & BEAUTY
1429,1429,BUSINESS
1430,1430,BUSINESS
1431,1431,TRAVEL
1432,1432,TRAVEL
1433,1433,STYLE & BEAUTY
1434,1434,STYLE & BEAUTY
1435,1435,TRAVEL
1436,1436,STYLE & BEAUTY
1437,1437,TRAVEL
1438,1438,TRAVEL
1439,1439,TRAVEL
1440,1440,STYLE & BEAUTY
1441,1441,BUSINESS
1442,1442,STYLE & BEAUTY
1443,1443,STYLE & BEAUTY
1444,1444,STYLE & BEAUTY
1445,1445,STYLE & BEAUTY
1446,1446,TRAVEL
1447,1447,BUSINESS
1448,1448,STYLE & BEAUTY
1449,1449,STYLE & BEAUTY
1450,1450,STYLE & BEAUTY
1451,1451,TRAVEL
1452,1452,BUSINESS
1453,1453,TRAVEL
1454,1454,BUSINESS
1455,1455,TRAVEL
1456,1456,TRAVEL
1457,1457,BUSINESS
1458,1458,BUSINESS
1459,1459,BUSINESS
1461,1461,BUSINESS
1462,1462,TRAVEL
1463,1463,BUSINESS
1464,1464,TRAVEL
1465,1465,STYLE & BEAUTY
1466,1466,STYLE & BEAUTY
1467,1467,BUSINESS
1468,1468,TRAVEL
1469,1469,TRAVEL
1470,1470,BUSINESS
1471,1471,BUSINESS
1472,1472,TRAVEL
1473,1473,BUSINESS
1474,1474,TRAVEL
1475,1475,STYLE & BEAUTY
1476,1476,TRAVEL
1477,1477,TRAVEL
1478,1478,BUSINESS
1479,1479,TRAVEL
1480,1480,BUSINESS
1481,1481,BUSINESS
1482,1482,BUSINESS
1483,1483,BUSINESS
1484,1484,TRAVEL
1485,1485,BUSINESS
1486,1486,STYLE & BEAUTY
1487,1487,BUSINESS
1489,1489,BUSINESS
1490,1490,BUSINESS
1491,1491,TRAVEL
1492,1492,STYLE & BEAUTY
1493,1493,BUSINESS
1494,1494,STYLE & BEAUTY
1495,1495,TRAVEL
1496,1496,TRAVEL
1497,1497,TRAVEL
1498,1498,STYLE & BEAUTY
1499,1499,STYLE & BEAUTY
1500,1500,TRAVEL
1501,1501,BUSINESS
1502,1502,STYLE & BEAUTY
1503,1503,TRAVEL
1504,1504,TRAVEL
1505,1505,BUSINESS
1507,1507,STYLE & BEAUTY
1508,1508,STYLE & BEAUTY
1509,1509,STYLE & BEAUTY
1510,1510,TRAVEL
1511,1511,STYLE & BEAUTY
1512,1512,STYLE & BEAUTY
1513,1513,TRAVEL
1514,1514,TRAVEL
1515,1515,TRAVEL
1516,1516,TRAVEL
1517,1517,STYLE & BEAUTY
1518,1518,TRAVEL
1519,1519,TRAVEL
1520,1520,STYLE & BEAUTY
1521,1521,TRAVEL
1522,1522,BUSINESS
1523,1523,TRAVEL
1524,1524,TRAVEL
1525,1525,STYLE & BEAUTY
1527,1527,STYLE & BEAUTY
1528,1528,STYLE & BEAUTY
1529,1529,TRAVEL
1530,1530,BUSINESS
1531,1531,STYLE & BEAUTY
1532,1532,STYLE & BEAUTY
1533,1533,BUSINESS
1534,1534,BUSINESS
1535,1535,BUSINESS
1536,1536,BUSINESS
1537,1537,STYLE & BEAUTY
1538,1538,TRAVEL
1539,1539,TRAVEL
1540,1540,STYLE & BEAUTY
1541,1541,TRAVEL
1542,1542,TRAVEL
1543,1543,TRAVEL
1544,1544,BUSINESS
1545,1545,STYLE & BEAUTY
1546,1546,TRAVEL
1547,1547,STYLE & BEAUTY
1548,1548,STYLE & BEAUTY
1549,1549,TRAVEL
1550,1550,BUSINESS
1551,1551,TRAVEL
1552,1552,BUSINESS
1553,1553,TRAVEL
1554,1554,TRAVEL
1555,1555,STYLE & BEAUTY
1556,1556,TRAVEL
1557,1557,BUSINESS
1558,1558,STYLE & BEAUTY
1559,1559,TRAVEL
1560,1560,STYLE & BEAUTY
1561,1561,STYLE & BEAUTY
1562,1562,STYLE & BEAUTY
1563,1563,TRAVEL
1564,1564,TRAVEL
1565,1565,TRAVEL
1566,1566,STYLE & BEAUTY
1567,1567,TRAVEL
1568,1568,TRAVEL
1569,1569,TRAVEL
1570,1570,BUSINESS
1571,1571,STYLE & BEAUTY
1572,1572,BUSINESS
1573,1573,BUSINESS
1574,1574,BUSINESS
1575,1575,STYLE & BEAUTY
1576,1576,STYLE & BEAUTY
1577,1577,BUSINESS
1578,1578,STYLE & BEAUTY
1579,1579,BUSINESS
1580,1580,STYLE & BEAUTY
1581,1581,TRAVEL
1582,1582,TRAVEL
1583,1583,BUSINESS
1584,1584,TRAVEL
1585,1585,TRAVEL
1586,1586,TRAVEL
1587,1587,STYLE & BEAUTY
1588,1588,BUSINESS
1589,1589,BUSINESS
1590,1590,BUSINESS
1591,1591,TRAVEL
1592,1592,STYLE & BEAUTY
1593,1593,STYLE & BEAUTY
1594,1594,BUSINESS
1595,1595,BUSINESS
1596,1596,BUSINESS
1597,1597,STYLE & BEAUTY
1598,1598,TRAVEL
1599,1599,STYLE & BEAUTY
1600,1600,TRAVEL
1601,1601,STYLE & BEAUTY
1603,1603,TRAVEL
1604,1604,TRAVEL
1605,1605,STYLE & BEAUTY
1606,1606,STYLE & BEAUTY
1607,1607,STYLE & BEAUTY
1609,1609,TRAVEL
1610,1610,BUSINESS
1611,1611,BUSINESS
1612,1612,BUSINESS
1613,1613,TRAVEL
1614,1614,TRAVEL
1615,1615,STYLE & BEAUTY
1616,1616,BUSINESS
1617,1617,TRAVEL
1618,1618,BUSINESS
1619,1619,STYLE & BEAUTY
1620,1620,TRAVEL
1621,1621,BUSINESS
1622,1622,TRAVEL
1623,1623,STYLE & BEAUTY
1624,1624,STYLE & BEAUTY
1625,1625,TRAVEL
1626,1626,TRAVEL
1627,1627,STYLE & BEAUTY
1628,1628,BUSINESS
1629,1629,STYLE & BEAUTY
1630,1630,TRAVEL
1631,1631,STYLE & BEAUTY
1632,1632,STYLE & BEAUTY
1633,1633,TRAVEL
1634,1634,TRAVEL
1635,1635,TRAVEL
1636,1636,TRAVEL
1637,1637,BUSINESS
1638,1638,STYLE & BEAUTY
1639,1639,TRAVEL
1640,1640,BUSINESS
1641,1641,TRAVEL
1642,1642,TRAVEL
1643,1643,TRAVEL
1644,1644,TRAVEL
1645,1645,STYLE & BEAUTY
1646,1646,STYLE & BEAUTY
1647,1647,TRAVEL
1648,1648,BUSINESS
1649,1649,TRAVEL
1650,1650,TRAVEL
1651,1651,TRAVEL
1652,1652,BUSINESS
1653,1653,STYLE & BEAUTY
1654,1654,STYLE & BEAUTY
1655,1655,TRAVEL
1656,1656,STYLE & BEAUTY
1657,1657,TRAVEL
1659,1659,TRAVEL
1660,1660,STYLE & BEAUTY
1661,1661,BUSINESS
1662,1662,TRAVEL
1663,1663,TRAVEL
1664,1664,TRAVEL
1665,1665,STYLE & BEAUTY
1666,1666,TRAVEL
1667,1667,TRAVEL
1668,1668,BUSINESS
1669,1669,BUSINESS
1670,1670,TRAVEL
1671,1671,TRAVEL
1672,1672,STYLE & BEAUTY
1673,1673,STYLE & BEAUTY
1674,1674,BUSINESS
1675,1675,BUSINESS
1676,1676,BUSINESS
1677,1677,TRAVEL
1678,1678,STYLE & BEAUTY
1679,1679,STYLE & BEAUTY
1680,1680,STYLE & BEAUTY
1681,1681,TRAVEL
1682,1682,STYLE & BEAUTY
1683,1683,BUSINESS
1684,1684,BUSINESS
1685,1685,TRAVEL
1686,1686,TRAVEL
1687,1687,TRAVEL
1688,1688,STYLE & BEAUTY
1689,1689,TRAVEL
1690,1690,BUSINESS
1691,1691,BUSINESS
1692,1692,TRAVEL
1693,1693,STYLE & BEAUTY
1694,1694,TRAVEL
1695,1695,TRAVEL
1696,1696,STYLE & BEAUTY
1697,1697,TRAVEL
1698,1698,STYLE & BEAUTY
1699,1699,STYLE & BEAUTY
1700,1700,STYLE & BEAUTY
1701,1701,BUSINESS
1702,1702,TRAVEL
1703,1703,STYLE & BEAUTY
1704,1704,STYLE & BEAUTY
1705,1705,TRAVEL
1706,1706,TRAVEL
1707,1707,BUSINESS
1708,1708,STYLE & BEAUTY
1709,1709,TRAVEL
1710,1710,STYLE & BEAUTY
1711,1711,BUSINESS
1712,1712,STYLE & BEAUTY
1714,1714,BUSINESS
1715,1715,TRAVEL
1716,1716,TRAVEL
1717,1717,TRAVEL
1718,1718,TRAVEL
1719,1719,TRAVEL
1720,1720,BUSINESS
1721,1721,TRAVEL
1722,1722,STYLE & BEAUTY
1723,1723,TRAVEL
1724,1724,BUSINESS
1725,1725,BUSINESS
1726,1726,TRAVEL
1727,1727,BUSINESS
1728,1728,TRAVEL
1729,1729,STYLE & BEAUTY
1731,1731,BUSINESS
1732,1732,STYLE & BEAUTY
1733,1733,BUSINESS
1734,1734,TRAVEL
1735,1735,STYLE & BEAUTY
1736,1736,STYLE & BEAUTY
1737,1737,BUSINESS
1738,1738,BUSINESS
1739,1739,BUSINESS
1740,1740,BUSINESS
1741,1741,BUSINESS
1742,1742,STYLE & BEAUTY
1743,1743,BUSINESS
1744,1744,TRAVEL
1745,1745,TRAVEL
1746,1746,TRAVEL
1747,1747,STYLE & BEAUTY
1748,1748,BUSINESS
1749,1749,STYLE & BEAUTY
1750,1750,BUSINESS
1751,1751,TRAVEL
1752,1752,STYLE & BEAUTY
1753,1753,STYLE & BEAUTY
1754,1754,TRAVEL
1755,1755,STYLE & BEAUTY
1756,1756,TRAVEL
1757,1757,TRAVEL
1759,1759,STYLE & BEAUTY
1760,1760,STYLE & BEAUTY
1761,1761,BUSINESS
1762,1762,BUSINESS
1763,1763,STYLE & BEAUTY
1764,1764,TRAVEL
1765,1765,STYLE & BEAUTY
1766,1766,STYLE & BEAUTY
1767,1767,TRAVEL
1768,1768,TRAVEL
1769,1769,TRAVEL
1770,1770,TRAVEL
1771,1771,STYLE & BEAUTY
1772,1772,STYLE & BEAUTY
1773,1773,STYLE & BEAUTY
1774,1774,STYLE & BEAUTY
1775,1775,BUSINESS
1776,1776,BUSINESS
1777,1777,BUSINESS
1779,1779,TRAVEL
1780,1780,TRAVEL
1781,1781,TRAVEL
1782,1782,TRAVEL
1783,1783,TRAVEL
1784,1784,BUSINESS
1785,1785,BUSINESS
1786,1786,TRAVEL
1787,1787,BUSINESS
1788,1788,STYLE & BEAUTY
1789,1789,STYLE & BEAUTY
1790,1790,STYLE & BEAUTY
1791,1791,TRAVEL
1792,1792,TRAVEL
1793,1793,TRAVEL
1794,1794,BUSINESS
1795,1795,BUSINESS
1796,1796,TRAVEL
1797,1797,BUSINESS
1798,1798,STYLE & BEAUTY
1799,1799,STYLE & BEAUTY
1800,1800,STYLE & BEAUTY
1801,1801,BUSINESS
1802,1802,BUSINESS
1803,1803,STYLE & BEAUTY
1804,1804,TRAVEL
1805,1805,BUSINESS
1806,1806,TRAVEL
1807,1807,BUSINESS
1809,1809,STYLE & BEAUTY
1810,1810,TRAVEL
1811,1811,STYLE & BEAUTY
1812,1812,STYLE & BEAUTY
1813,1813,STYLE & BEAUTY
1814,1814,BUSINESS
1815,1815,TRAVEL
1816,1816,STYLE & BEAUTY
1817,1817,BUSINESS
1818,1818,TRAVEL
1819,1819,STYLE & BEAUTY
1820,1820,TRAVEL
1821,1821,TRAVEL
1822,1822,STYLE & BEAUTY
1823,1823,TRAVEL
1824,1824,STYLE & BEAUTY
1825,1825,TRAVEL
1826,1826,STYLE & BEAUTY
1827,1827,TRAVEL
1828,1828,TRAVEL
1829,1829,TRAVEL
1830,1830,STYLE & BEAUTY
1831,1831,STYLE & BEAUTY
1832,1832,TRAVEL
1833,1833,STYLE & BEAUTY
1834,1834,TRAVEL
1835,1835,TRAVEL
1836,1836,TRAVEL
1837,1837,BUSINESS
1838,1838,STYLE & BEAUTY
1839,1839,BUSINESS
1840,1840,BUSINESS
1841,1841,TRAVEL
1842,1842,BUSINESS
1843,1843,BUSINESS
1844,1844,BUSINESS
1846,1846,TRAVEL
1847,1847,STYLE & BEAUTY
1848,1848,TRAVEL
1849,1849,BUSINESS
1850,1850,TRAVEL
1852,1852,STYLE & BEAUTY
1853,1853,BUSINESS
1854,1854,BUSINESS
1855,1855,TRAVEL
1856,1856,STYLE & BEAUTY
1857,1857,BUSINESS
1858,1858,STYLE & BEAUTY
1859,1859,STYLE & BEAUTY
1861,1861,STYLE & BEAUTY
1862,1862,STYLE & BEAUTY
1863,1863,TRAVEL
1865,1865,STYLE & BEAUTY
1866,1866,TRAVEL
1867,1867,BUSINESS
1868,1868,BUSINESS
1869,1869,TRAVEL
1870,1870,BUSINESS
1871,1871,TRAVEL
1872,1872,BUSINESS
1873,1873,TRAVEL
1874,1874,BUSINESS
1875,1875,STYLE & BEAUTY
1876,1876,STYLE & BEAUTY
1877,1877,STYLE & BEAUTY
1879,1879,TRAVEL
1880,1880,TRAVEL
1881,1881,TRAVEL
1882,1882,STYLE & BEAUTY
1883,1883,BUSINESS
1884,1884,STYLE & BEAUTY
1886,1886,STYLE & BEAUTY
1887,1887,BUSINESS
1888,1888,TRAVEL
1889,1889,TRAVEL
1890,1890,TRAVEL
1891,1891,TRAVEL
1892,1892,STYLE & BEAUTY
1893,1893,TRAVEL
1894,1894,STYLE & BEAUTY
1895,1895,BUSINESS
1896,1896,TRAVEL
1897,1897,TRAVEL
1898,1898,STYLE & BEAUTY
1899,1899,STYLE & BEAUTY
1900,1900,TRAVEL
1901,1901,STYLE & BEAUTY
1902,1902,TRAVEL
1903,1903,BUSINESS
1904,1904,BUSINESS
1905,1905,STYLE & BEAUTY
1906,1906,STYLE & BEAUTY
1907,1907,BUSINESS
1908,1908,TRAVEL
1909,1909,BUSINESS
1910,1910,TRAVEL
1911,1911,STYLE & BEAUTY
1912,1912,TRAVEL
1913,1913,STYLE & BEAUTY
1914,1914,STYLE & BEAUTY
1915,1915,STYLE & BEAUTY
1916,1916,BUSINESS
1917,1917,STYLE & BEAUTY
1918,1918,TRAVEL
1919,1919,TRAVEL
1920,1920,BUSINESS
1921,1921,TRAVEL
1923,1923,BUSINESS
1924,1924,TRAVEL
1925,1925,TRAVEL
1926,1926,BUSINESS
1927,1927,STYLE & BEAUTY
1928,1928,STYLE & BEAUTY
1929,1929,TRAVEL
1930,1930,TRAVEL
1931,1931,TRAVEL
1932,1932,STYLE & BEAUTY
1934,1934,STYLE & BEAUTY
1935,1935,BUSINESS
1936,1936,STYLE & BEAUTY
1937,1937,BUSINESS
1938,1938,BUSINESS
1939,1939,BUSINESS
1940,1940,STYLE & BEAUTY
1941,1941,TRAVEL
1942,1942,STYLE & BEAUTY
1943,1943,STYLE & BEAUTY
1944,1944,TRAVEL
1945,1945,BUSINESS
1946,1946,TRAVEL
1947,1947,TRAVEL
1948,1948,TRAVEL
1949,1949,TRAVEL
1950,1950,STYLE & BEAUTY
1951,1951,TRAVEL
1952,1952,TRAVEL
1953,1953,TRAVEL
1954,1954,STYLE & BEAUTY
1955,1955,TRAVEL
1956,1956,BUSINESS
1957,1957,TRAVEL
1958,1958,BUSINESS
1959,1959,STYLE & BEAUTY
1960,1960,BUSINESS
1961,1961,TRAVEL
1962,1962,BUSINESS
1963,1963,STYLE & BEAUTY
1964,1964,BUSINESS
1965,1965,BUSINESS
1966,1966,BUSINESS
1967,1967,TRAVEL
1968,1968,TRAVEL
1969,1969,STYLE & BEAUTY
1970,1970,TRAVEL
1971,1971,STYLE & BEAUTY
1972,1972,TRAVEL
1973,1973,BUSINESS
1974,1974,STYLE & BEAUTY
1975,1975,TRAVEL
1976,1976,TRAVEL
1977,1977,BUSINESS
1979,1979,TRAVEL
1980,1980,TRAVEL
1981,1981,STYLE & BEAUTY
1982,1982,BUSINESS
1983,1983,STYLE & BEAUTY
1984,1984,TRAVEL
1985,1985,STYLE & BEAUTY
1986,1986,BUSINESS
1987,1987,BUSINESS
1988,1988,STYLE & BEAUTY
1989,1989,STYLE & BEAUTY
1991,1991,TRAVEL
1992,1992,TRAVEL
1993,1993,BUSINESS
1994,1994,BUSINESS
1995,1995,BUSINESS
1996,1996,TRAVEL
1997,1997,STYLE & BEAUTY
1998,1998,STYLE & BEAUTY
2000,2000,BUSINESS
2001,2001,BUSINESS
2002,2002,BUSINESS
2003,2003,TRAVEL
2004,2004,TRAVEL
2005,2005,TRAVEL
2006,2006,TRAVEL
2007,2007,TRAVEL
2008,2008,TRAVEL
2009,2009,BUSINESS
2010,2010,STYLE & BEAUTY
2011,2011,STYLE & BEAUTY
2012,2012,STYLE & BEAUTY
2013,2013,STYLE & BEAUTY
2014,2014,TRAVEL
2015,2015,TRAVEL
2016,2016,STYLE & BEAUTY
2017,2017,BUSINESS
2018,2018,STYLE & BEAUTY
2019,2019,BUSINESS
2021,2021,BUSINESS
2022,2022,BUSINESS
2023,2023,BUSINESS
2024,2024,TRAVEL
2025,2025,BUSINESS
2026,2026,STYLE & BEAUTY
2028,2028,STYLE & BEAUTY
2029,2029,STYLE & BEAUTY
2030,2030,STYLE & BEAUTY
2031,2031,TRAVEL
2032,2032,TRAVEL
2034,2034,TRAVEL
2036,2036,BUSINESS
2037,2037,BUSINESS
2038,2038,STYLE & BEAUTY
2040,2040,STYLE & BEAUTY
2041,2041,STYLE & BEAUTY
2042,2042,STYLE & BEAUTY
2043,2043,STYLE & BEAUTY
2044,2044,STYLE & BEAUTY
2045,2045,STYLE & BEAUTY
2047,2047,BUSINESS
2048,2048,STYLE & BEAUTY
2049,2049,STYLE & BEAUTY
2050,2050,TRAVEL
2051,2051,STYLE & BEAUTY
2052,2052,STYLE & BEAUTY
2053,2053,STYLE & BEAUTY
2054,2054,TRAVEL
2055,2055,TRAVEL
2057,2057,BUSINESS
2058,2058,TRAVEL
2059,2059,TRAVEL
2060,2060,TRAVEL
2061,2061,STYLE & BEAUTY
2062,2062,STYLE & BEAUTY
2063,2063,BUSINESS
2064,2064,STYLE & BEAUTY
2065,2065,STYLE & BEAUTY
2066,2066,TRAVEL
2067,2067,TRAVEL
2068,2068,TRAVEL
2069,2069,STYLE & BEAUTY
2070,2070,BUSINESS
2071,2071,TRAVEL
2072,2072,STYLE & BEAUTY
2073,2073,TRAVEL
2074,2074,BUSINESS
2075,2075,TRAVEL
2076,2076,TRAVEL
2077,2077,STYLE & BEAUTY
2078,2078,BUSINESS
2079,2079,STYLE & BEAUTY
2080,2080,TRAVEL
2081,2081,STYLE & BEAUTY
2082,2082,TRAVEL
2083,2083,TRAVEL
2084,2084,BUSINESS
2085,2085,BUSINESS
2086,2086,TRAVEL
2087,2087,BUSINESS
2088,2088,STYLE & BEAUTY
2089,2089,TRAVEL
2090,2090,BUSINESS
2091,2091,TRAVEL
2092,2092,TRAVEL
2093,2093,STYLE & BEAUTY
2094,2094,TRAVEL
2095,2095,BUSINESS
2096,2096,STYLE & BEAUTY
2097,2097,STYLE & BEAUTY
2098,2098,BUSINESS
2099,2099,BUSINESS
2100,2100,STYLE & BEAUTY
2101,2101,BUSINESS
2102,2102,TRAVEL
2103,2103,STYLE & BEAUTY
2105,2105,BUSINESS
2106,2106,BUSINESS
2107,2107,TRAVEL
2108,2108,STYLE & BEAUTY
2109,2109,STYLE & BEAUTY
2110,2110,TRAVEL
2111,2111,TRAVEL
2112,2112,STYLE & BEAUTY
2113,2113,TRAVEL
2114,2114,TRAVEL
2115,2115,BUSINESS
2116,2116,TRAVEL
2118,2118,BUSINESS
2119,2119,STYLE & BEAUTY
2120,2120,BUSINESS
2121,2121,TRAVEL
2122,2122,STYLE & BEAUTY
2123,2123,TRAVEL
2124,2124,STYLE & BEAUTY
2125,2125,BUSINESS
2126,2126,STYLE & BEAUTY
2127,2127,STYLE & BEAUTY
2128,2128,BUSINESS
2129,2129,BUSINESS
2130,2130,TRAVEL
2131,2131,TRAVEL
2132,2132,STYLE & BEAUTY
2133,2133,TRAVEL
2134,2134,TRAVEL
2135,2135,TRAVEL
2136,2136,STYLE & BEAUTY
2137,2137,STYLE & BEAUTY
2138,2138,TRAVEL
2139,2139,TRAVEL
2140,2140,BUSINESS
2141,2141,STYLE & BEAUTY
2142,2142,TRAVEL
2143,2143,TRAVEL
2144,2144,BUSINESS
2145,2145,BUSINESS
2146,2146,BUSINESS
2147,2147,TRAVEL
2148,2148,STYLE & BEAUTY
2150,2150,TRAVEL
2151,2151,STYLE & BEAUTY
2152,2152,TRAVEL
2153,2153,STYLE & BEAUTY
2154,2154,STYLE & BEAUTY
2155,2155,STYLE & BEAUTY
2156,2156,BUSINESS
2157,2157,TRAVEL
2158,2158,TRAVEL
2159,2159,STYLE & BEAUTY
2160,2160,TRAVEL
2161,2161,BUSINESS
2162,2162,STYLE & BEAUTY
2163,2163,STYLE & BEAUTY
2165,2165,TRAVEL
2166,2166,TRAVEL
2167,2167,STYLE & BEAUTY
2168,2168,BUSINESS
2169,2169,STYLE & BEAUTY
2170,2170,TRAVEL
2171,2171,TRAVEL
2172,2172,TRAVEL
2173,2173,BUSINESS
2174,2174,BUSINESS
2175,2175,TRAVEL
2176,2176,TRAVEL
2177,2177,BUSINESS
2178,2178,BUSINESS
2179,2179,BUSINESS
2180,2180,BUSINESS
2181,2181,STYLE & BEAUTY
2182,2182,BUSINESS
2183,2183,BUSINESS
2184,2184,STYLE & BEAUTY
2185,2185,TRAVEL
2186,2186,TRAVEL
2187,2187,STYLE & BEAUTY
2188,2188,TRAVEL
2189,2189,STYLE & BEAUTY
2190,2190,TRAVEL
2191,2191,TRAVEL
2192,2192,TRAVEL
2193,2193,STYLE & BEAUTY
2194,2194,TRAVEL
2195,2195,STYLE & BEAUTY
2196,2196,STYLE & BEAUTY
2197,2197,STYLE & BEAUTY
2198,2198,TRAVEL
2199,2199,BUSINESS
2200,2200,STYLE & BEAUTY
2201,2201,BUSINESS
2202,2202,STYLE & BEAUTY
2203,2203,TRAVEL
2205,2205,BUSINESS
2206,2206,TRAVEL
2207,2207,BUSINESS
2208,2208,STYLE & BEAUTY
2209,2209,BUSINESS
2210,2210,TRAVEL
2211,2211,STYLE & BEAUTY
2212,2212,STYLE & BEAUTY
2213,2213,BUSINESS
2214,2214,TRAVEL
2215,2215,TRAVEL
2216,2216,TRAVEL
2217,2217,TRAVEL
2218,2218,BUSINESS
2219,2219,STYLE & BEAUTY
2220,2220,TRAVEL
2222,2222,TRAVEL
2223,2223,TRAVEL
2224,2224,BUSINESS
2225,2225,TRAVEL
2226,2226,TRAVEL
2228,2228,STYLE & BEAUTY
2230,2230,BUSINESS
2231,2231,TRAVEL
2232,2232,STYLE & BEAUTY
2233,2233,STYLE & BEAUTY
2234,2234,BUSINESS
2235,2235,STYLE & BEAUTY
2236,2236,TRAVEL
2237,2237,STYLE & BEAUTY
2238,2238,BUSINESS
2239,2239,BUSINESS
2240,2240,BUSINESS
2241,2241,STYLE & BEAUTY
2242,2242,STYLE & BEAUTY
2243,2243,TRAVEL
2244,2244,STYLE & BEAUTY
2245,2245,STYLE & BEAUTY
2246,2246,BUSINESS
2247,2247,BUSINESS
2248,2248,BUSINESS
2249,2249,STYLE & BEAUTY
2250,2250,TRAVEL
2251,2251,BUSINESS
2252,2252,TRAVEL
2253,2253,STYLE & BEAUTY
2254,2254,TRAVEL
2255,2255,BUSINESS
2256,2256,TRAVEL
2257,2257,STYLE & BEAUTY
2258,2258,STYLE & BEAUTY
2259,2259,STYLE & BEAUTY
2260,2260,TRAVEL
2261,2261,STYLE & BEAUTY
2263,2263,STYLE & BEAUTY
2264,2264,TRAVEL
2265,2265,TRAVEL
2266,2266,STYLE & BEAUTY
2267,2267,STYLE & BEAUTY
2268,2268,BUSINESS
2270,2270,STYLE & BEAUTY
2271,2271,TRAVEL
2272,2272,BUSINESS
2273,2273,STYLE & BEAUTY
2274,2274,TRAVEL
2275,2275,STYLE & BEAUTY
2276,2276,TRAVEL
2277,2277,STYLE & BEAUTY
2278,2278,TRAVEL
2279,2279,STYLE & BEAUTY
2280,2280,BUSINESS
2281,2281,BUSINESS
2283,2283,STYLE & BEAUTY
2284,2284,BUSINESS
2285,2285,TRAVEL
2286,2286,BUSINESS
2287,2287,BUSINESS
2288,2288,STYLE & BEAUTY
2289,2289,STYLE & BEAUTY
2290,2290,STYLE & BEAUTY
2291,2291,TRAVEL
2292,2292,STYLE & BEAUTY
2293,2293,TRAVEL
2294,2294,BUSINESS
2295,2295,STYLE & BEAUTY
2297,2297,STYLE & BEAUTY
2298,2298,STYLE & BEAUTY
2299,2299,TRAVEL
2300,2300,STYLE & BEAUTY
2301,2301,BUSINESS
2302,2302,STYLE & BEAUTY
2303,2303,STYLE & BEAUTY
2304,2304,STYLE & BEAUTY
2305,2305,STYLE & BEAUTY
2306,2306,STYLE & BEAUTY
2307,2307,TRAVEL
2308,2308,BUSINESS
2309,2309,BUSINESS
2310,2310,STYLE & BEAUTY
2311,2311,TRAVEL
2312,2312,BUSINESS
2313,2313,TRAVEL
2314,2314,BUSINESS
2315,2315,BUSINESS
2316,2316,TRAVEL
2317,2317,STYLE & BEAUTY
2318,2318,TRAVEL
2319,2319,BUSINESS
2320,2320,STYLE & BEAUTY
2321,2321,TRAVEL
2323,2323,BUSINESS
2324,2324,BUSINESS
2325,2325,STYLE & BEAUTY
2326,2326,STYLE & BEAUTY
2327,2327,BUSINESS
2328,2328,BUSINESS
2329,2329,TRAVEL
2330,2330,STYLE & BEAUTY
2331,2331,TRAVEL
2332,2332,BUSINESS
2333,2333,STYLE & BEAUTY
2334,2334,TRAVEL
2335,2335,TRAVEL
2336,2336,TRAVEL
2337,2337,BUSINESS
2338,2338,TRAVEL
2339,2339,STYLE & BEAUTY
2340,2340,TRAVEL
2341,2341,STYLE & BEAUTY
2342,2342,STYLE & BEAUTY
2343,2343,STYLE & BEAUTY
2344,2344,STYLE & BEAUTY
2345,2345,TRAVEL
2346,2346,BUSINESS
2347,2347,TRAVEL
2348,2348,STYLE & BEAUTY
2349,2349,TRAVEL
2350,2350,TRAVEL
2351,2351,BUSINESS
2352,2352,TRAVEL
2353,2353,BUSINESS
2354,2354,STYLE & BEAUTY
2356,2356,TRAVEL
2357,2357,TRAVEL
2358,2358,TRAVEL
2359,2359,STYLE & BEAUTY
2360,2360,TRAVEL
2361,2361,TRAVEL
2362,2362,STYLE & BEAUTY
2363,2363,STYLE & BEAUTY
2364,2364,STYLE & BEAUTY
2366,2366,STYLE & BEAUTY
2367,2367,TRAVEL
2368,2368,STYLE & BEAUTY
2369,2369,STYLE & BEAUTY
2370,2370,TRAVEL
2371,2371,STYLE & BEAUTY
2372,2372,BUSINESS
2373,2373,BUSINESS
2374,2374,BUSINESS
2375,2375,TRAVEL
2376,2376,TRAVEL
2377,2377,TRAVEL
2378,2378,TRAVEL
2379,2379,TRAVEL
2380,2380,STYLE & BEAUTY
2381,2381,STYLE & BEAUTY
2382,2382,BUSINESS
2383,2383,BUSINESS
2384,2384,STYLE & BEAUTY
2385,2385,STYLE & BEAUTY
2386,2386,STYLE & BEAUTY
2387,2387,STYLE & BEAUTY
2388,2388,STYLE & BEAUTY
2389,2389,STYLE & BEAUTY
2391,2391,BUSINESS
2392,2392,TRAVEL
2393,2393,TRAVEL
2394,2394,TRAVEL
2395,2395,STYLE & BEAUTY
2396,2396,BUSINESS
2397,2397,STYLE & BEAUTY
2398,2398,TRAVEL
2399,2399,STYLE & BEAUTY
2400,2400,STYLE & BEAUTY
2401,2401,STYLE & BEAUTY
2402,2402,TRAVEL
2403,2403,BUSINESS
2404,2404,TRAVEL
2405,2405,TRAVEL
2406,2406,BUSINESS
2407,2407,BUSINESS
2408,2408,TRAVEL
2409,2409,BUSINESS
2410,2410,TRAVEL
2411,2411,TRAVEL
2412,2412,TRAVEL
2413,2413,STYLE & BEAUTY
2414,2414,BUSINESS
2415,2415,STYLE & BEAUTY
2416,2416,STYLE & BEAUTY
2417,2417,TRAVEL
2418,2418,STYLE & BEAUTY
2419,2419,BUSINESS
2420,2420,TRAVEL
2423,2423,TRAVEL
2424,2424,TRAVEL
2425,2425,BUSINESS
2426,2426,STYLE & BEAUTY
2427,2427,STYLE & BEAUTY
2428,2428,TRAVEL
2429,2429,STYLE & BEAUTY
2430,2430,STYLE & BEAUTY
2431,2431,STYLE & BEAUTY
2432,2432,TRAVEL
2433,2433,TRAVEL
2434,2434,STYLE & BEAUTY
2435,2435,STYLE & BEAUTY
2436,2436,BUSINESS
2437,2437,TRAVEL
2438,2438,TRAVEL
2439,2439,TRAVEL
2440,2440,STYLE & BEAUTY
2441,2441,TRAVEL
2442,2442,BUSINESS
2443,2443,STYLE & BEAUTY
2444,2444,BUSINESS
2445,2445,BUSINESS
2446,2446,STYLE & BEAUTY
2447,2447,STYLE & BEAUTY
2448,2448,STYLE & BEAUTY
2449,2449,STYLE & BEAUTY
2450,2450,BUSINESS
2451,2451,BUSINESS
2452,2452,BUSINESS
2453,2453,BUSINESS
2454,2454,TRAVEL
2455,2455,BUSINESS
2456,2456,TRAVEL
2457,2457,TRAVEL
2458,2458,BUSINESS
2459,2459,BUSINESS
2460,2460,STYLE & BEAUTY
2461,2461,STYLE & BEAUTY
2462,2462,BUSINESS
2463,2463,TRAVEL
2464,2464,BUSINESS
2465,2465,TRAVEL
2466,2466,BUSINESS
2467,2467,BUSINESS
2468,2468,TRAVEL
2469,2469,BUSINESS
2471,2471,TRAVEL
2472,2472,TRAVEL
2473,2473,BUSINESS
2474,2474,BUSINESS
2475,2475,STYLE & BEAUTY
2476,2476,STYLE & BEAUTY
2477,2477,BUSINESS
2478,2478,BUSINESS
2479,2479,STYLE & BEAUTY
2480,2480,BUSINESS
2481,2481,TRAVEL
2482,2482,STYLE & BEAUTY
2483,2483,TRAVEL
2484,2484,STYLE & BEAUTY
2485,2485,STYLE & BEAUTY
2486,2486,STYLE & BEAUTY
2487,2487,STYLE & BEAUTY
2488,2488,TRAVEL
2489,2489,TRAVEL
2490,2490,TRAVEL
2491,2491,TRAVEL
2492,2492,STYLE & BEAUTY
2493,2493,TRAVEL
2494,2494,TRAVEL
2495,2495,TRAVEL
2496,2496,STYLE & BEAUTY
2497,2497,BUSINESS
2500,2500,STYLE & BEAUTY
2501,2501,BUSINESS
2502,2502,STYLE & BEAUTY
2503,2503,BUSINESS
2504,2504,STYLE & BEAUTY
2505,2505,STYLE & BEAUTY
2506,2506,STYLE & BEAUTY
2507,2507,TRAVEL
2508,2508,STYLE & BEAUTY
2509,2509,BUSINESS
2510,2510,STYLE & BEAUTY
2511,2511,TRAVEL
2512,2512,TRAVEL
2513,2513,BUSINESS
2514,2514,BUSINESS
2515,2515,STYLE & BEAUTY
2516,2516,STYLE & BEAUTY
2517,2517,TRAVEL
2518,2518,TRAVEL
2519,2519,BUSINESS
2520,2520,STYLE & BEAUTY
2521,2521,TRAVEL
2523,2523,BUSINESS
2524,2524,STYLE & BEAUTY
2525,2525,BUSINESS
2526,2526,STYLE & BEAUTY
2527,2527,BUSINESS
2528,2528,BUSINESS
2530,2530,BUSINESS
2531,2531,STYLE & BEAUTY
2532,2532,TRAVEL
2533,2533,STYLE & BEAUTY
2534,2534,TRAVEL
2535,2535,TRAVEL
2536,2536,TRAVEL
2537,2537,STYLE & BEAUTY
2538,2538,STYLE & BEAUTY
2539,2539,BUSINESS
2540,2540,TRAVEL
2541,2541,TRAVEL
2542,2542,BUSINESS
2543,2543,BUSINESS
2544,2544,TRAVEL
2545,2545,BUSINESS
2546,2546,TRAVEL
2547,2547,BUSINESS
